{"cameraMode":{"drawMode":0,"name":"Shaded","section":"Shading Mode"},"sceneLighting":false,"audioPlay":false,"sceneViewState":{"m_AlwaysRefresh":false,"showFog":true,"showSkybox":true,"showFlares":true,"showImageEffects":true,"showParticleSystems":true,"showVisualEffectGraphs":true,"m_FxEnabled":true},"in2DMode":false,"pivot":{"x":91.78314208984375,"y":27.89346694946289,"z":3.2670881748199465},"rotation":{"x":0.12867513298988343,"y":0.6999490261077881,"z":0.13033826649188996,"w":-0.6903370022773743},"size":1.0449999570846558,"orthographic":false}